0.6826810687099542,0.6469918724049215,0
1.0215653283119184,0.7212269630169958,0
0.8340899085846625,0.012564831662174564,0
0.9339477961992813,0.8717768986484715,0
-0.09832667465415962,0.7427345204884849,0
0.19123108980034667,1.0700748021618167,0
0.9528880846230321,0.4331896216375081,0
-1.180877515619668,-0.17253677399188339,0
1.136632178169194,-0.7680527818368625,1
0.04915475315008333,-0.3612573822790279,1
0.7834877792110643,1.0745511781693589,0
0.8274570573002535,-0.5489812736185307,1
0.3194782043967343,0.8126271859656049,0
0.3035286720076773,0.7778416755225606,0
0.5567339127121331,0.841173969298032,0
0.10691961799969033,1.3600374767262502,0
-0.8920413743831226,-0.216067958965089,0
0.9255174337437975,0.44116678252989683,0
1.0235351346144816,0.26396182315009303,0
0.15356202078650988,-0.11803734593064558,1
-0.9926610144952714,0.48196272000856044,0
-1.0400795345931797,-0.0924073418036471,0
0.5649478034467148,-0.01638162585147812,1
0.5686012593053363,-0.3087523811264839,1
-0.6113155340779558,0.41437336809426656,0
1.2838888610912265,0.2663031252453326,0
-0.8667368795614968,0.8765086618517608,0
0.5325035343806954,0.8388948435708499,0
-0.784765582484671,0.7477613141317421,0
1.4353651443705226,-0.13587881429353657,1
1.0095811915047308,-0.23654843846497123,0
0.9229815849527807,0.23656085542226674,0
-0.6917654196875149,0.3395942050619234,0
-0.3750994644968087,1.0124771499521734,0
-0.5593983926731068,0.6606085117733497,0
1.5380009658785538,-0.22546665054782936,1
0.8272061397034782,0.7746967277866917,0
-1.2625108307352466,0.13679333719281622,0
-0.5927091928525865,0.7117191070016304,0
0.22633062345491484,1.4694398728883393,0
2.028234225145494,0.2102717636541308,1
1.0719918449552752,0.5413039457029504,0
-0.24123971375524236,0.9932787156350327,0
1.0279820829074846,0.3238530101624393,0
-0.5197529831976633,0.8342373127649254,0
-0.5069378279118328,0.8225946314463486,0
0.548804252473487,1.1050750017803381,0
0.027612924999583274,0.6368238351163729,1
0.8356016979697295,-0.12958868435237458,1
-0.7548705626748596,1.1061109896820989,0
-0.7693536839929281,1.219902956741662,0
-0.20952475664840609,-0.3232509924177288,1
1.2259112857492953,-0.32642286021931516,1
-0.9271227687387039,0.47909835761085556,0
-0.0006330119072335601,0.28963545232849763,1
1.3571395787703122,-0.44453127690952543,1
0.9567146970708815,0.16016706686946505,0
0.615675048548302,0.9507921138872681,0
-0.5291914006366145,1.0186228385338052,0
-1.054087252699885,0.03732716258632353,0
0.9366718301878346,-0.04065839513497252,0
0.43158013161879927,1.0004380213996158,0
0.43781516659478326,0.8962472644006416,0
-0.4163186972323253,0.5995292013190443,0
0.7165022004690549,-0.30872280547069564,1
-0.2624432433495302,0.9137419589595004,0
-0.1517353885267834,1.083501225413093,0
-0.5626789886825914,0.959556561664157,0
-0.8524827476947555,0.4483945591591435,0
0.1354899435187386,-0.08720478870159963,1
-0.1864594100193272,1.146837006919249,0
-1.289483979197462,0.27321678212331146,0
-0.6891152686961,0.9034542336873636,0
-0.3604355676962736,1.3470934293910717,0
-1.0360163944631913,0.3966466713901976,0
0.2007340212379708,-0.4015862527094922,1
-1.2661068699204128,0.5315645447091089,0
-1.030126444283124,0.32675910689215604,0
0.7832244201739265,0.7308077001039315,0
-0.5390427732189862,0.9212849432688525,0
-1.16757994204886,0.1452977770861909,0
1.6512396120158288,-0.5775629343251754,1
0.22034433211820742,1.2289004362114533,0
0.7666497627298091,0.8440594696830814,0
0.6943930335374545,0.6801512799241053,0
-1.052888822043141,-0.16389287539623415,0
1.046728174215858,0.5410919490477271,0
-0.6479426666889079,0.9986435975738563,0
-0.4877191927168585,0.35113019917442545,0
-0.8475373769867263,0.08364636800587544,0
-0.5173198919980919,0.7172252955693628,0
0.09343429689608787,0.877863404559988,0
-0.9391205312217846,-0.30179452741485735,0
0.36351471567834254,0.9433050624025834,0
-0.5496832305789234,0.705247694317504,0
1.0637829181359222,0.3088181213807113,0
-0.6230711187012115,0.7684396305120799,0
0.13142681152099842,0.11962864832221212,1
1.6401931611907674,-0.6110444813504621,1
-0.6362757969034728,0.8393244266923582,0
-0.21997341478468474,0.5947635967776335,0
0.5199249139284935,0.8477651998219135,0
-0.4796232179258222,0.7384643182282123,0
-1.0301930934040304,0.34640499784207224,0
0.9531009142973341,-0.021288438612797875,0
0.3445384687462567,1.0504900004648046,0
0.9658460031088165,0.5783278055540656,0
-1.010554293176975,0.8453446356942713,0
0.6288317684819564,0.4300546249826681,0
-1.0597752424049713,-0.2657563549111718,0
0.750707019805382,0.4291796131097929,0
-0.7106819607756802,0.946093078736427,0
1.295107771627385,-0.5044921395350069,1
0.13203267410292657,-0.34032770126179235,1
0.024353374734233185,1.1369301942995471,0
-0.8600842634746279,0.6740962397832571,0
-1.0080386427361427,0.9146918660052678,0
-0.9728574938498706,1.0031463635371796,0
0.39300947538272446,-0.09462100148524161,1
0.09230062621240792,-0.404494204642305,1
0.662321360946616,0.42457853820196306,0
0.32439844246028793,1.1384282493230782,0
-0.4552341972884762,0.8829324114436561,0
1.29713677466999,0.4836181732571083,0
2.1301588334027133,0.37798315404451577,1
0.08331569761422379,0.8649858996189483,0
-0.7988616544123707,0.6028897937144674,0
-0.9179966704355019,0.34435091422290237,0
0.17137339954383146,0.8926840501627331,0
1.805079434970748,0.6415138457902106,1
0.057353010626904954,1.2229315144800061,0
0.12798392871283645,1.2201728238711544,0
0.45672665441040594,1.0652177128292935,0
-0.5463687981255084,0.7311866675811011,0
-1.1328689606214704,0.4248365105700376,0
-0.6748694067033786,0.290119427635128,0
1.9249441636723816,0.050517204877883304,1
0.22148264211672164,0.5182268188592575,1
0.5441704031887424,0.9298325890172693,0
0.3923056390726066,0.9147983161533624,0
0.19635292683250705,0.8399091010878457,0
1.4801605317655022,-0.2763916962753932,1
0.845408944643741,0.2695584422616772,0
1.7781061038949455,-0.37335440198421077,1
-1.0692890018595784,0.13970203523609195,0
0.3587736210558066,0.5671743581822075,0
1.137075602691888,0.1988131825540988,0
1.7717851816505303,-0.545995136833906,1
-0.9010426248346123,0.8533630909749264,0
-1.078287665130759,0.3563911115976771,0
0.8124417857505984,-0.3526667386805812,1
-0.7416372141709039,0.6968483059295192,0
-0.023306323099631793,0.9048428511148399,0
0.9153884089973662,0.47113814562467815,0
-0.16455415028343134,1.0021189932098362,0
0.7199056182871713,0.36321472173520775,0
0.4812782577878962,0.8769236751751339,0
0.16356021449666105,1.1236907989976166,0
0.9467742495158,-0.05724227610695259,0
-0.3674783541316537,0.6620493472149886,0
0.410005698948166,0.6580606766749785,0
-0.7462995831788384,0.9538824589236399,0
1.3819156010199785,-0.5222108061650893,1
0.3407768139277272,1.134576496250828,0
0.9408970077534481,0.028384084817677277,0
0.9455094510227121,0.3180066417838441,0
-0.8098195395830925,0.26240503980358176,0
0.5512721152941517,0.2658826378495774,0
0.4830015056255772,-0.2781395942602007,1
-0.8744131941584257,0.5587900382589617,0
0.08882257018041924,0.2156806516712223,1
-0.9291595806381926,0.010661902098284493,0
1.9691699075215703,-0.3312972495606839,1
-0.8884702265961852,0.5444872620363411,0
0.4401447647876352,1.1417917020214157,0
-0.4038148945375831,1.0999487063542408,0
-0.5053783178697315,0.8312084485939436,0
0.13070415194989393,1.1312431724176542,0
2.3149436462674164,0.9904328995424238,1
0.8718772050437829,-0.038809159859607964,0
0.20192843015264755,0.6889265785926021,0
-0.6108252994805312,1.0639769071487555,0
-0.6652448820122895,0.6346307964606324,0
0.9816930653290035,-0.4065726588791778,1
-0.08419548991123091,0.8274858704048864,0
-0.044554269632875065,-0.07422218747940809,1
-0.1440193362152472,1.681325240976046,0
0.5389025704797205,1.0009342112365658,0
1.7763039962020415,-0.2504193217577824,1
2.4072508544560614,0.30139400022175333,1
-0.01128235859552884,0.8263298355961153,0
-0.37690738112837363,1.1299926831876523,0
0.85390000649715,0.4537707352909357,0
0.5149372800874124,1.2277966972153662,0
-0.967651277265892,0.5515058090562691,0
-0.4344810159158575,0.8543189486108869,0
0.4717594279858454,1.2687913575511223,0
-0.4601495012332065,0.9285894758076862,0
0.7004073037737016,1.0636203930489563,0
-0.8683276746913572,0.9414193177499728,0
0.8696660236256232,0.8256452356833134,0
-0.9299376991030603,0.30883051097390857,0
-0.9347379125091824,0.28975391836488734,0
0.25159058423499703,-0.22006141265984025,1
1.3430766302914858,0.208004815373722,0
1.2383631879662533,0.9778595306974667,0
-0.09659509581613802,1.4016353712479352,0
0.17616205485532346,0.9399746604557117,0
0.03809961006839105,1.112644173381162,0
-1.1706819062161775,-0.019202646052390346,0
0.5683757532481265,0.7998605784260826,0
-0.7582678290984473,0.11718738423102916,0
0.7111590931230954,0.8674454180019121,0
-0.416555359894059,0.7246516011657874,0
1.1577247246512818,0.03654298381263568,0
-0.673061361074236,0.47631762022317853,0
-0.09058856801204021,0.9698618607291108,0
-0.5849038845821014,1.057970111158017,0
0.07542016442409125,0.26332246320448627,1
0.3494900202795262,0.997474615026013,0
1.9034814387893848,-0.7852908136098273,1
-0.3133959790906738,1.0295429970098915,0
-0.8489880164972498,0.41706234720242485,0
-0.7197541590500882,0.08212252941631466,0
-0.39637037556534194,0.8558105502880985,0
0.9812113229574522,-0.1367862063845463,0
0.46225281712820143,0.7725324929848022,0
0.7480203208357035,0.5290784328521654,0
-1.2284364165244044,0.6321201971422222,0
-0.6088949376183634,0.6689209725709215,0
-0.6315289127891253,0.7085708317978113,0
1.9498949109262211,0.13984868851870078,1
0.25526061922869836,0.7259213072940616,0
0.6670471795953613,1.126924330346137,0
-0.7560970742547948,-0.23718744177919918,0
1.203616902612583,-0.4745237175078637,1
0.9711079644406929,-0.06844557881823313,0
-0.09807937832608642,0.8961140013200393,0
-0.8188938982430785,1.291093697488059,0
-1.0187684505595944,0.6414253012074025,0
-0.7152241713687064,0.11985107065547485,0
-0.6035322621588379,0.7221203397261762,0
0.26129264907916083,0.7653020613300388,0
0.3504716079809838,0.791321812610638,0
-0.06422814386753462,0.8194114599783517,0
0.10588525139362841,0.8387607430427759,0
0.2713280790695298,0.7676878942131246,0
0.27517955017537243,0.9625009809529288,0
0.08822696460500748,1.100348569996153,0
1.0617045051347644,0.31476950478349425,0
-0.7500185945355086,0.3602246525604195,0
-0.7601001347530782,0.5938459270904652,0
-0.8983242213362267,0.6936621721552076,0
1.0851103072924524,0.19099963501940986,0
0.5203708054989513,0.8546359031786598,0
0.12082104267797036,-0.24163550770022169,1
1.757316866556307,-0.27248207656521123,1
1.0716421212851583,0.5189583981011231,0
-0.6534789463056426,1.1332071865419655,0
-0.7604064910448911,0.4067118364082787,0
1.9358573847417144,0.035065841915718834,1
-0.8597603949072374,0.14143100351590876,0
-0.919660099983774,0.751089504240137,0
0.4831888279100166,0.2646462054328191,1
0.5271517955808938,0.6830173664000957,0
0.23423795771624217,-0.9002188384152452,1
0.1113761366087419,1.0434759622860763,0
-0.13868970938690744,1.2542235146836462,0
0.9236114465431964,0.5393878094141185,0
-0.08689761211678915,0.8176689873180071,0
-0.7091914922192936,0.726545517700544,0
0.5458127281663155,-0.49723120296156464,1
0.8024150149320886,0.10096035028808509,0
0.5890390700938376,0.72553243730074,0
0.31451500737768756,0.33882697268626866,0
1.8783264212499884,-0.053099640423167456,1
0.24951600656813552,0.3933054276692009,1
-0.253492113700987,1.0325043625944235,0
1.7113549305939049,0.21452861442730814,1
-0.12830044988053516,0.9641272900904129,0
0.9724041409396507,-0.23176997592109805,1
0.7216457786730603,0.8107891332721596,0
-0.8143137859974034,0.6505656439996789,0
0.8103535691052165,0.04526864395618896,0
0.4048046253566367,1.1258784514398368,0
0.7917431748043973,0.32159639993761724,0
0.578735990145825,0.445495533216587,0
-1.0153569757347205,0.8342836979665756,0
-0.8093684821841118,0.712020992571016,0
0.1503844213533782,0.13040694725843932,1
0.608286949824986,0.6399499181336827,0
-1.1238345768107658,0.04754676310229815,0
0.4853812352385752,1.1002029821860608,0
-0.14055408592465907,1.089876983160891,0
0.022961396485476848,-0.5468057730159267,1
-0.6354354165363298,0.8284627662381244,0
-0.7754704137950496,0.31009661577294056,0
1.0442716811344905,0.27234598596281556,0
0.7164761523756255,1.0198855394456923,0
0.7491963913401374,0.6380077174561406,0
1.6402582199294644,-0.04521539030330962,1
-0.4866800065765432,0.8139905348031456,0
0.6100324135972595,1.3709731653181614,0
1.1084504936528219,-0.01607278237237418,0
1.905790504523411,-0.046738755592323836,1
-0.6211144831779062,0.9256740273616857,0
1.1054097399018954,0.5009893568307318,0
-1.1191091902159036,0.6628613473868924,0
-0.6413155644268277,0.6828378803112858,0
-0.9517686935540028,0.445537094126874,0
-0.41015993023715747,0.49446671225093397,0
1.8610589797610502,-0.34607220020034934,1
0.5687690386054665,-0.3972100534955957,1
0.297791795825392,1.172848446094341,0
0.7553769770646371,0.7924741900764192,0
0.9318467724869933,0.6364135937992665,0
1.3645958313202082,-0.12479554430501794,1
-0.005633584683925948,0.19165435158750532,1
0.1309686708178368,0.8979362001600871,0
-0.9652297777940104,0.5618037700927143,0
1.9046451588938615,-0.14352748610869254,1
-0.11377691044453817,0.8891438356952088,0
-0.3270664778259925,1.028268407092559,0
-1.2607761920066445,0.5896560378488472,0
0.6547481489809439,0.75005023563303,0
0.2111579126146647,0.8828427416904439,0
1.0323647035982109,-0.09142711109469298,0
-1.0055466228163528,0.7514337866033651,0
-0.18671490970702304,1.205367564893152,0
0.8336554219218821,0.42428412009807914,0
0.004394218987645665,-0.13749570274077857,1
1.095571903103462,0.43804954244818967,0
0.06970785741787383,1.0142379883583887,0
-1.0955604329633677,0.383106652549392,0
-0.6742885531736378,0.5755786480803011,0
1.8626233580970577,0.15821020910267306,1
-1.0879311005917627,0.018916429450860917,0
0.4703968159097075,-0.7891143556286697,1
1.012597645987464,-0.8887609666900965,1
0.44157402102603543,0.8071869096276643,0
0.7730803739648675,0.5943844475302656,0
0.1841078782434429,1.3941253186525802,0
-0.05179602481422746,-0.15297831954225108,1
0.1887685353783206,0.8787914384522452,0
-0.43603236006943535,0.9322943170924702,0
0.016039360706363692,1.234259624319733,0
-0.019055113099284093,0.5801074127180177,0
0.794143952287204,1.0084347393414352,0
0.7867804733644288,-0.6011497753665527,1
0.25713420763176825,-0.2454046967531964,1
-0.6980802104187854,0.6542361369347842,0
0.8506409887136807,0.5813434847703217,0
0.7828787983170219,0.3945923099361301,0
-0.20429931512427024,0.6153820248041862,1
0.8362604713043014,-0.22695227424034692,0
0.49209750081070824,0.551510136701624,0
1.7757411201164786,-0.38805601402517587,1
0.09999175619246456,1.0448454141352828,0
0.8938772874103849,0.8671477017587531,0
0.3282863872863627,1.032297694654404,0
-0.2541052830535432,0.9110057759805666,0
-0.7098890620249995,0.5085312214824794,0
0.14655146670807154,0.15636095363528085,1
0.5309433226443245,1.1695177610885072,0
0.6824758645994189,1.2766965713654934,0
2.051433789679072,0.6925038414862635,1
1.3625591608794798,0.5817574941437542,0
0.24591397618625918,0.7829055727280226,0
0.011494591523127672,0.40029004431909604,1
-1.1431677267303422,0.6555795913767795,0
0.49767785298350947,0.5510692271126755,0
0.08567985695276659,0.9108376870062415,0
-0.33915499024698204,0.89639009665501,0
-0.6374116833341885,0.4969021505881823,0
-0.5717462125657006,0.8800082557294668,0
1.4143823455436153,0.1847241814667881,0
-0.9089513819117988,0.3883313383729152,0
0.06898922666249019,-0.2863236555626651,1
0.7521997433180087,-0.3690115567205749,1
-0.4264580316778568,0.4104538655177224,0
0.5950303795665468,-0.41773755943859636,1
-0.8489848521876047,0.2656239080843294,0
0.1331395189180634,0.6937356462446564,0
-0.4819486504527478,0.81102768755438,0
-0.184032578600416,1.0039361171275465,0
-0.13997452211703204,0.9036857390434699,0
-0.6627131916624303,0.6323491669289097,0
-0.24261098110460216,0.8031347918736145,0
0.8018360720190831,1.1081091085055759,0
-0.8020528813704679,0.6657586075993148,0
0.35814517694139514,1.038836104998289,0
-1.3671470854258447,-0.10403701950460162,0
0.7752499173093577,0.799562811894716,0
0.5519488656514135,-0.22227363097340966,1
-0.49088658262105234,0.8400889974763361,0
0.31817798397872304,-0.24418024870500235,1
1.3880311108379586,-0.38109893517060844,1
0.735608412012607,0.47448956128802233,0
0.6128180062328028,0.6581117850752007,0
0.19760167220051097,1.13989993157513,0
0.9406611190117578,0.732128944860568,0
-0.04017824160275806,1.1577877243784207,0
-0.6354370222784533,0.377542450678766,0
1.111968761112108,0.3025564714647638,0
0.24077744536819473,0.6836202895805381,0
0.47641411376752846,0.6464060848711192,0
0.5977061483169495,0.8996360296164874,0
1.090984906157674,0.6040990282866306,0
-0.30688133760174136,1.2725617484147949,0
0.25936080474747925,1.2812648767400687,0
1.3831037228457488,-0.29350004308052086,1
1.2308253972710763,-0.14465975641484247,1
0.7823843328928456,0.2445962329652764,0
-0.8590271409730076,0.365651553538093,0
-1.0075971931627143,0.44589896060327605,0
0.7104591991279621,0.3231824719195624,0
0.8099483768042595,0.62893448542499,0
0.3644527805633364,0.606066190029457,0
-0.9245392152942333,0.5498125261065876,0
1.0179386362991851,0.6924217359329373,0
-0.04589298000788406,0.7682473756723875,0
0.21184239848716477,0.7971402658788356,0
-0.7787658620370088,0.511832632781328,0
0.055190190471797906,0.9110776765656206,0
-0.04088978069627405,0.8139841082866073,0
-0.37344258964338545,0.7169628950742913,0
0.3224747294573984,1.0791213565718194,0
0.9404278374876729,0.8458263321718726,0
1.0276770694965327,0.624372466903672,0
-1.1618318801694194,0.32251320176447473,0
0.5837503850105558,0.8426415181789508,0
0.8748275507934349,0.5976053849680789,0
-0.9577337595525752,0.14453650780055463,0
-0.17974080891736544,0.8203894181642027,0
-0.07751154889897177,1.011731022462909,0
0.10022056079350777,1.060365977963463,0
0.9386053338611005,0.228129430539474,0
0.7078929176139094,-0.4514097500834494,1
0.39692508156979533,0.9230012454940082,0
0.4785840977735304,0.902324376577927,0
-0.8760772473832739,0.41027090314071224,0
-0.3698555326702622,1.2805120275811204,0
-0.9147374813568204,0.09621908294215509,0
-0.730776895758247,0.5491714438351322,0
-1.1689073674117556,0.3774717788290667,0
-1.0287283020700542,0.14197567986186482,0
0.3782190350300394,0.7669503556057791,0
0.7442756254950972,0.5421069225137888,0
0.986863543364034,0.19426581718298613,0
-0.9735672230860457,0.7575670010820499,0
1.1789580072563122,0.46407443471998583,0
-0.4828087264165627,1.3312811748374798,0
1.1710277730305354,0.4150282713099376,0
-1.1389251939769802,0.27909754461891745,0
0.8814485982618006,0.3776859055971883,0
0.301032004950741,0.2722981371949879,1
0.8153571648911501,0.27376566629596005,0
-0.10338306897100877,1.2215369222384416,0
-0.36568851051188145,0.6070507108830157,0
0.005123863371880838,0.8001189409582043,0
0.20555912908923454,-0.500288609313997,1
-0.055833440399012196,0.7760162306706447,0
0.7206983839969465,0.7278513549938335,0
0.880456375952793,0.19927605794035158,0
0.6873879999000201,0.650902972834757,0
-0.9660146643329448,0.7885241999046971,0
-0.8065083631297435,0.5570876814417709,0
-0.34707246295873895,1.021697348406194,0
1.3919014578100848,-0.43926554680158414,1
-1.0871800479639027,0.8781999332534431,0
-1.2564191244718148,0.5908379654925277,0
1.2632512852917046,0.17627590554147285,0
0.08349146922317024,0.9648473761857854,0
1.3401698227240102,0.4593356683786577,0
0.6900800628693087,0.33459958365755693,0
0.5701546467676151,0.5375279070572769,0
0.568351143926539,0.43008400521234424,0
0.9575850965141982,0.7234021982147585,0
1.0182778526800356,0.5635816776080446,0
1.470114607763838,-0.3737278178112828,1
-0.7217982894426775,0.33624524092208213,0
-0.1803466858614728,0.7443201866153799,0
-0.6713526180260715,0.7220150004470693,0
0.9226434033645254,-0.16060321908090705,0
-0.7582004808610066,1.0428990178343382,0
0.21919436882560406,1.0325116325170058,0
1.6871139499686538,-0.14238898933420197,1
-0.9110445870143804,0.19265229613101081,0
-1.0275193798213458,0.9268082508465099,0
-0.01634412700146884,0.923077203867027,0
0.2375044220390135,1.2872760637247185,0
-0.9579580181223091,0.34403489009234023,0
1.1768906478022412,-0.11533698994193636,1
0.2862614730674522,0.8082583145408067,0
0.5008839565438388,0.884866798446327,0
-0.918434561729144,0.963687710605109,0
0.3332250739531201,0.718882471308614,0
0.7597149515908044,0.7479794072063555,0
0.7611539810035428,0.25329412284977904,0
0.657877445563095,0.6949609591371533,0
1.418566482142411,-0.5984847449222457,1
0.8448134265662881,0.22916901179780616,0
0.13744890093417372,0.8170728837092336,0
-0.2962183990060633,0.6815668054479047,0
2.002766117203954,0.18900750265200797,1
-1.1768744010690544,0.08619067650168293,0
0.7382706005196898,0.4212947099025825,0
0.876951209386171,0.7763716062036383,0
1.0539426171019635,0.4737856730754196,0
-1.108437098190272,0.5124874962714688,0
0.5265520493347624,0.5392557699573165,0
0.9260398242793432,0.37209105496802725,0
-0.628369013472628,0.8181218414793431,0
-0.13333396998001878,0.945617124371928,0
-0.6209309230115457,0.5613352084942725,0
1.246646646827801,0.04238123274873354,0
0.520280408289199,0.3804980981262228,0
0.8868625325458396,0.26622271129390795,0
0.9620229372205127,0.9072380748695561,0
-0.45426064434147073,0.9536843603406293,0
1.2881626622559559,-0.16185824023358975,1
-0.4935193605210878,1.0683534325430422,0
0.5616490982630824,1.3956315116970182,0
0.459433356652416,0.20676334977653077,0
-0.6094514225672382,0.46507658600991975,0
0.21431085609875264,-0.3184243041044171,1
-0.5373769791719721,0.8780978860963156,0
-1.0649294510884568,-0.0750683412286037,0
0.41566318574771866,1.0286272606373177,0
0.8622410980577777,0.7310597208944312,0
0.33392063975860375,0.5070318429761154,0
0.8358289925519616,0.5651606443785098,0
1.8892052200594647,0.24900431231006542,1
0.5838071194928968,-0.37355936178338306,1
0.2174705446149682,1.3373017533025855,0
0.9730276184385258,0.49014773139681195,0
0.44484623668237755,0.7251531914089521,0
-1.0776144392471638,0.4177014398029901,0
1.4289192969309121,-0.07010916733689809,0
0.241700207403455,1.115077631832742,0
1.0041641369405312,0.4417523467002751,0
0.926172520268045,0.15173142996525596,0
0.5558890567416389,1.0579802932026343,0
0.3997311134631689,0.9017860048040905,0
0.9782776614658536,0.7091255706749394,0
0.41019108302351015,0.9281317793482726,0
1.4782982188633589,-0.2359539483371659,1
0.01009488025568589,0.8483242079356834,0
1.9345246899074646,0.1902331144633997,1
-0.2110608137172636,1.0001532557504267,0
0.6023171970010457,0.036762115050897215,0
0.8447134403723567,0.565863302644648,0
-0.8220988274326552,0.527193148793484,0
-0.32762297357355613,0.8875734918592227,0
-0.5431941237554008,0.6399395998427477,0
-0.8045441229592446,0.6101758165636336,0
-0.1767936785306877,0.9504084099574502,0
0.5970506220921522,0.908399148531241,0
-1.0937197740815525,-0.012979427039909286,0
0.8504251176308081,0.06599151286118476,0
0.6873820649974808,0.6893243128418544,0
-0.6470017689810602,0.9267841458714181,0
1.4016543199893037,-0.5606590283182118,1
0.3150856338945289,0.8610544773872881,0
0.6219073927385173,0.8796913291059676,0
0.6310316303222032,0.7170655212580339,0
0.949675030126138,0.45062660645734687,0
0.7249509331878857,0.16941414273033656,0
-0.9347405997762391,-0.04744607595070935,0
0.30457377840322675,1.0662451499898993,0
-0.08305269672371525,0.9793572714902288,0
-0.7252015353804221,1.0266842688157025,0
-0.7554064470040157,0.4709867998098273,0
0.45598697040451086,1.0790957762790607,0
0.5049171722449124,-0.5975711720180682,1
0.6848518543142516,0.5915321654072131,0
0.020288315761918238,1.0376712828304349,0
0.9545975056045877,0.35686073908854316,0
0.10021751014127672,1.2963640505845127,0
0.13187309353129903,1.2849011802902444,0
0.9530211781540112,-0.03536563125256656,0
-0.6538886333150884,0.7496497555111084,0
0.2601438880318355,1.0869811162184473,0
-0.13101393247902532,0.6648404654993252,0
0.6209829765961059,-0.10050669635964082,0
1.628661441223394,0.41682021962396865,1
-1.0193149240132173,0.2708325727527325,0
0.05641004426387272,0.8243528813498804,0
0.7027279714175986,0.9023236877990427,0
0.8421581666856786,1.0709362047448159,0
-0.02832001873628326,0.7645566823945529,0
1.5623273449819186,0.04525533190448467,0
-1.025370828702142,0.7850254033105534,0
-0.8129610472420168,0.4749919149316806,0
1.3491938997640516,-0.19540782843582288,1
0.35615507806650565,0.7521296617014367,0
0.9971492546132762,-0.33449622477642016,1
0.5308465198843021,1.1863739137660532,0
-0.4689632072637888,0.5781577431081069,0
0.08057284166234698,0.8023068352812197,0
0.9019018239335794,0.3369164197236746,0
2.065923043779089,0.35481236815293515,1
0.7697971154647795,0.09628189566019812,0
-0.009081518470078776,0.5758243405617611,1
-1.0594145884946333,0.47917509645504136,0
1.2291069984973702,0.2175340628992311,0
-1.0583099649072574,0.5714701384158198,0
0.5278811031144593,0.5608076901167977,0
0.4697988898919216,1.1192931951336869,0
0.6088012678649918,1.1817449068228076,0
0.6136387103004857,0.7852084845197839,0
1.1963043312873172,0.4606581301926251,0
-0.9257870321421918,0.024297064242186875,0
-0.7658124627161607,0.8940152263514383,0
0.6642763935702694,0.6072749478946343,0
-0.23307775999411962,0.4742612509056854,1
1.0146905799514472,0.07639338655251837,0
0.2721270436953702,-0.08268566820843049,1
1.7254519610924846,0.2545040090555257,1
0.8227210790321737,1.0411673293431003,0
1.034730108282786,0.656886993365606,0
-0.13432183047820423,-0.05038450778001126,1
0.834552712860123,0.13950831827794685,0
-0.9317722866946299,-0.3049642408984927,0
-0.05465828146167803,1.1603623593840422,0
-0.9730807898270604,0.31225118766273624,0
-0.9437730141775963,0.3653724148202094,0
1.1001454538296978,0.27778511472776735,0
0.5074458620692969,0.8570987970406796,0
-0.3886645115487154,1.0386170128091308,0
-0.4370897621124723,0.7904655136490059,0
-0.5775005593260859,1.3341784778143462,0
-0.10052641830210132,1.2355704963641947,0
0.6485707687411157,0.27406900214713215,0
0.7634213951232314,0.9648559415070617,0
1.9700339610077153,-0.08606798616166259,1
-0.8226803945128526,0.2758993503270033,0
2.056908302624354,0.16732496841100425,1
0.3393521461087844,0.650825202889007,0
-0.822526019015922,0.29154740129383744,0
0.7555803784466646,0.6366927437001644,0
-0.5198504560812873,0.8011974260250538,0
1.1716285213163404,0.36015125941915166,0
0.9947428355483506,0.17211704291785074,0
0.5688983560287633,0.9087475823293685,0
1.2665499851707347,0.099079459173524,0
-0.15408444849182298,0.733938041167612,0
-0.30780441689760046,1.0493720242139761,0
-0.8912291073757792,0.6753606453997498,0
-1.1453239368145018,0.44635996645999,0
1.0281549892590847,0.8503169327194469,0
-1.358238685200956,0.24488130693925583,0
0.010579768763571695,0.5668570653632632,0
1.2043818960655002,0.4859933933259126,0
-0.49184843439544945,0.42225030070233593,0
-1.008258089859991,-0.16632234321251982,0
0.5270056049370209,0.7096042504245093,0
-1.1895846593294053,0.023533794706808275,0
0.39763735766890357,0.5913619068169544,0
0.09828082893850323,0.8048020766102518,0
0.7204886616512891,-0.43360884731894866,1
0.5108255967804103,1.207410102296227,0
-0.08994846085777064,-0.4376315169482761,1
1.0119539886620539,-0.5118800907504011,1
-0.10268031702832464,1.0962310943112952,0
-0.9074743332051762,1.022615354557078,0
0.9014699151761311,0.6876187210956347,0
0.033642189862396324,0.8943252019219856,0
-1.0191105149042383,0.6755194757621026,0
-0.20850609322886543,0.5178177420607559,1
-0.08841088141733003,0.26993538517280535,1
-0.22178984635626728,0.718932304017554,0
0.8727189467725626,0.3713774489974011,0
-0.8660969651434646,0.8692233178893953,0
-0.7756320993080699,0.18622654206405537,0
1.0424875316589588,0.35249702174668057,0
-0.2812604144999709,1.0427933869313541,0
0.45533524057852187,1.1305942500907462,0
-0.17832724999664307,0.8292647082208416,0
0.9720419302159119,0.04355026310126673,0
0.00161985344773391,0.5430987324633678,0
-0.36771436561629456,1.0160789855007737,0
0.3579989496791435,0.5045768747846588,0
-0.12824218999281725,1.3717718062611728,0
-0.6945451310217098,0.2732445214717826,0
-0.8577385104873952,0.7650366272893707,0
-0.9459329559493925,0.39622879949402645,0
0.9091093322669985,0.6465839034518014,0
-1.0923366506048928,0.2801714523761895,0
0.0345028360833106,0.8373762634019655,0
-0.002700934845992993,0.986691158124125,0
-0.32721612396751876,0.8756820734848771,0
0.53213714528429,0.9078499855502107,0
0.8274282045889408,0.6701008763160128,0
0.4510491403274286,0.7030577689588013,0
-0.2260499104053954,-0.12499224204038054,1
0.08471607865237385,0.5970329118601064,0
-0.8998415542503935,0.7222876918057147,0
-0.7715441698840221,0.39227086459246585,0
0.07410477592529838,1.3001965845996533,0
1.0188967489160918,0.23964351312835197,0
0.8562053625555421,0.38416442886770896,0
-0.5930404944205325,0.9141913867579478,0
0.2631629947959576,0.996439325283879,0
-0.7100272822583141,0.4648780259394124,0
1.897253005584436,0.7762439943821201,1
-0.39864738803186406,0.11279168823322969,1
-0.9764593777819014,0.3311519635445024,0
1.1914888785751945,0.06868963999427202,0
-0.06489707785540438,0.17048733432303598,1
-0.35955405595995427,0.7805696373884718,0
0.06735181063365762,0.5896667237522388,0
0.6289027346562972,0.344878979131046,0
1.1731444646286144,0.31101153434251105,0
-0.7757701717708375,0.540727144687849,0
-0.5521401234084302,1.1630414166764236,0
0.6466348378780706,-0.7654714902097781,1
1.0029895262305613,0.2665047340831509,0
-0.15529938884130584,0.9842830707757421,0
-0.31894515158315306,1.203188933696133,0
0.27045446823373326,1.0011407528485035,0
-0.010618865314011294,1.127335624481046,0
1.0831858902306475,-0.7297129769151627,1
-0.08364874990117607,0.971690184243835,0
0.9608867737451261,0.3930621570873996,0
-0.9102238596069988,0.03837501030984504,0
-1.1947975711936378,-0.05675186365939151,0
-0.683559302458755,0.20346805433305631,0
0.5437136766233708,0.661862649782567,0
0.01955677312112783,0.08840442515076172,1
0.6013809070744893,1.0516453492921374,0
1.1858890782996696,0.6547337169405125,0
1.2625323969338613,-0.32518369945620285,1
-0.2919034167240598,0.9068688619884213,0
0.09474741096156615,0.9289569510304464,0
0.9102831475096903,0.5628680868175843,0
-0.6760406191317676,0.9809688912415256,0
1.027946740849836,0.11507838146026977,0
0.931312567560071,0.49749130426268506,0
1.902683024222381,0.11314219753270399,1
-0.676924274839193,0.3250735566953312,0
0.6609257480272198,-0.4022914789671219,1
-0.709319804064645,0.39273337106940664,0
-1.2941820220373466,0.017851786510273464,0
-0.8291400572857797,0.5583124999549484,0
-0.9141143554777545,0.0282438646189756,0
0.6284436926454514,0.6246048327402749,0
0.7664188908584505,0.5508430789647004,0
-0.6953679896460352,0.7376526354617943,0
0.9346811522231678,0.3096635619140494,0
-0.5760214409243903,0.38510067019714106,0
0.43056644617096995,1.0973036779288923,0
-1.021291331485988,0.8413704369091906,0
-0.3393785383657114,0.99123355323728,0
-0.6365386354839438,0.5874960853018227,0
0.6836481836862567,-0.0016726151253896853,0
0.9789662883788253,0.7650399265069668,0
0.6126593353008895,0.8381198890348068,0
0.7519854467944492,0.9427153680845072,0
-0.701312083051603,0.8131538141697149,0
0.4166158647219919,-0.03854817551530985,1
2.1088717365432226,-0.1298818410382717,1
-0.4808303797394988,-0.20198245179882057,0
0.7340480667351917,0.6098964653906677,0
-0.49706772089991275,1.026812991024985,0
1.2048895338375318,0.3534404128924258,0
0.6040783202931762,0.8144953052977182,0
0.5896918143655401,1.0674960155125133,0
-1.0000210821591853,-0.050566579455810584,0
0.5311509130539408,0.25403034047359296,0
0.2534283172798827,0.5761559244983936,0
-0.9246992085699793,-0.028037834045139487,0
-0.458471183547809,0.7644521146449701,0
0.5194338659308146,-0.3322536690893042,1
0.575005022268908,0.6903993440967464,0
-0.14259755247449102,1.0998551938611696,0
1.0263097655012559,0.38838217783233686,0
0.051391626840596345,-0.03955708717424959,1
0.15345224555129583,0.9517218522119245,0
0.6162076789833597,0.730920677072146,0
-0.7388471476031488,0.7823385712908058,0
0.875510346786923,0.3963411145195873,0
-0.8728802874308983,0.2919848831207219,0
0.13276029071272202,0.8736341871107723,0
-0.36991611352325987,1.0218826210664107,0
1.015840936375018,0.46919695740972833,0
0.8273365523546796,0.7678557306609294,0
0.23679301152485593,0.13548484534956912,1
-0.3447832860571202,0.7231046550629308,0
-0.6148020995773906,0.040760216796130795,0
-0.970612625766117,0.5939447598383434,0
1.1436497933221197,0.5444316888117917,0
1.1722898350914366,-0.546964454834607,1
0.6708215948129104,0.16348017075827195,0
0.030974889148590222,1.1925247028416588,0
-0.6085198712517083,0.9856198480030463,0
0.3357722564947085,0.751722222017595,0
-0.8211903631332276,-0.04992123178326463,0
0.3854400734186793,0.8739920142097345,0
0.4342708684366034,0.7179927988009678,0
1.944310872790727,-0.21521655595076947,1
-0.4300793417040092,0.1893682811581161,0
0.5759530042831915,0.8606110028268925,0
-0.6700189836699104,0.5612158437977451,0
0.7420002265990844,0.729968179103422,0
0.00554077264798003,0.954541142384703,0
-0.20534452674440934,0.9244548734600937,0
0.538389278673248,0.8905319038337987,0
1.05884571168744,0.8181711264364314,0
-0.050805486573386405,1.133865409898259,0
-0.7556842252208291,0.4793899190421079,0
0.7624203800638052,0.7522360746256137,0
-0.06861287860278989,0.29478627617883724,1
0.37167363889987204,-0.6931008633893216,1
0.9597802653497585,0.01552121965004935,0
0.43378332426158284,0.9791140646386408,0
-0.3484321849846424,1.1886550909366809,0
0.48845892310289873,1.186570167617709,0
0.36398167678871735,1.0086881512668362,0
-0.6893736093509706,-0.06019818910715413,0
-0.9093415616872452,0.16763997981526235,0
1.5482135429781727,-0.4823196804411643,1
-0.6203622359866856,0.15369966241428934,0
-0.7191534759376658,0.713752659580273,0
-0.4275024477534656,1.1423680851315476,0
-0.7307403839453488,0.4013405991911774,0
-0.8194541208150485,0.8592587901816046,0
-0.9115192874064091,0.13007912284086645,0
-0.5338546797023861,1.038135048836208,0
-0.6802904218169121,0.8987097762324333,0
-0.17209528306249228,1.060497208011068,0
-0.721039890034145,1.2510128006261154,0
0.45483315045326933,0.8521781589967978,0
-1.0480417266998265,-0.012229692837214784,0
-1.2859798580155077,0.09075397855141615,0
-0.10367650510201212,1.0660175228009572,0
1.1287615291959103,0.17161973637452632,0
-0.32174939736105235,0.9051938119417928,0
-0.5563928513400755,0.6143252434996084,0
0.47179753456745366,0.8811002693416625,0
1.0060455862326543,0.14782323625006155,0
0.8252811058604175,-0.4775805193103741,1
1.6585178305566575,-0.5360175572566028,1
0.9898127894346808,0.5177130661816455,0
0.08584856288938884,1.1915009205505143,0
0.4905095460511338,0.6062695963739066,0
0.14273220599539269,0.9569998847642017,0
-1.13340312699689,0.6008111854465792,0
-1.0991418078512925,0.2790518103177994,0
-0.5966033983970578,0.5953698850522633,0
-0.5963041019691158,0.5939197623753819,0
0.08342100391666381,0.7049428020679194,0
-0.5298868624346227,0.9272954318812001,0
-0.3084404698108357,0.8129675408728019,0
-0.9851390742279995,0.00992109825282659,0
1.3177162803722897,-0.6756722434545581,1
-0.6249211423949437,0.5907418076902692,0
1.1020529986190386,-0.40815450169712586,1
-0.8213442798499139,0.6836297958833265,0
1.017025457723094,0.5973930812859387,0
-1.317934273719176,0.11276359929658193,0
-1.297713984648311,0.508309997216968,0
-0.261316736761587,1.5058605179845728,0
0.5162653863120419,0.7835272970958665,0
0.3094256474450527,0.6576353519625404,0
-0.939381313025783,0.014417164176448533,0
0.9494481493210214,-0.03446822011048071,0
0.2731469688290493,-0.5983357991266662,1
0.17017385590742207,1.0096469304405515,0
0.2502435647080875,-0.2801449803562233,1
-1.0604956420213103,0.5066863905752519,0
1.102291598454838,-0.5016195169523037,1
-0.18462518754937662,1.0065919976445679,0
-0.25473205281040234,0.6382499194920687,0
-0.3974797227267741,1.1546404007460527,0
-0.13534162447229647,1.425623249662134,0
-0.43679290949717725,1.250390344469739,0
0.6017363688626987,0.5846347638852921,0
-0.4829820886667938,0.8707429667729925,0
1.3984966563967998,-0.4545656763343948,1
0.8629316572387412,0.6366066484725091,0
0.8167345138507255,0.7396625190815659,0
0.05547296657631256,1.1127871725450935,0
0.5199629117812912,-0.5290524914085475,1
0.18455908979088584,0.7948189407323598,0
-0.8825796160232035,0.6330444277506477,0
0.7780539303975695,0.7351452752162347,0
-0.6258745699735206,0.5327040008155859,0
-0.8730598863188463,0.8049973434061267,0
-0.7968113216483838,0.456316938821882,0
-1.377302422894094,0.3618506723533438,0
1.0479203480617738,0.4622238315998436,0
-0.33812780761831285,0.5653136730900159,0
2.2285409388115216,0.5700170400257087,1
0.8870771561394208,-0.01407568731791084,0
-1.2743706738185132,0.08022188420870016,0
0.09859034184526479,0.8331037306948303,0
-0.4159389016400187,1.19750934056626,0
0.701360348058224,0.4032701862221952,0
0.9341151505606066,0.750960407950059,0
1.465619894122412,0.0060097858527723425,1
-0.8628728266585804,0.5232083538291226,0
-0.8911984782011331,0.33751412766268685,0
-1.027542088679505,-0.18390179296949238,0
-0.8857926722189573,0.6334706717790809,0
-1.341757949696421,0.30016870984029403,0
0.4691195697865158,-0.3864638416187205,1
0.9170469912958147,0.6453361466827139,0
0.7036558447882885,0.9611721319193938,0
-0.4809280874351997,1.02867017129033,0
-0.3802663537653166,0.8067723231043324,0
-0.014343454742863915,0.8505006233143252,0
0.46390880380715827,0.8031882035528757,0
1.0049614663104052,0.13266283126060227,0
1.2273341473163555,-0.13040708445618995,0
-0.44691567211449496,1.009049547275866,0
-1.1843467087112307,0.21841762277539176,0
-0.3447839886255371,1.0172474913326721,0
-0.5089187149016686,-0.04963454212087211,0
0.21300678369957332,0.7518607113836594,0
0.6910601957748385,0.869546183855436,0
0.010020790243335083,0.8737138612009684,0
-0.3377849460124052,1.031242554703561,0
-0.9509674563562134,0.4922237862073027,0
1.4099876682417751,-0.17014406053424952,1
0.1009289929229086,1.0955660556578606,0
2.338718155063435,0.5922863657304362,1
1.0946953836877533,0.19008793596304796,0
-0.80072388704671,1.1575896993880712,0
0.15200406808188496,1.0424933529747051,0
0.8949377026137988,0.2067504231615765,0
0.8573208543354879,0.03865198228956747,0
-0.9871663665005332,0.3769182245708398,0
0.6491709647224642,-0.21302538095015447,1
-0.567580017773171,0.8667563579446899,0
-0.4577165101213265,0.6841828549643477,0
0.2927510530887568,0.8074031525191376,0
-0.5318415991493728,0.8747035709495431,0
2.1284041729435135,0.5846531622410938,1
-0.8357045045678102,-0.01813470109773934,0
-1.367591901266469,-0.441639656906794,0
1.6779781298724656,-0.5041264880175333,1
-0.013744241792354811,-0.09319801067516542,1
0.3158726894403279,1.067780608238403,0
-0.6794720309175845,0.6845556499461216,0
-0.9592639851782017,0.25223226512635155,0
-0.1375899591308942,1.1584158387484953,0
1.448701812438951,-0.13150023107664494,1
0.3039170139446501,0.7525536897352583,0
1.2254741165718959,0.4195469851854876,0
-0.02494991332660239,1.098375501919185,0
-0.23649617198077597,0.9667296363166639,0
0.39609983459549647,1.0591193863452406,0
0.8851612987476507,1.0033987667903848,0
1.8331099501264834,-0.48517952211522614,1
0.8169873318991726,0.5391488636454789,0
0.48356976611054636,0.7377215303845306,0
-0.7668736710178552,0.7344853154400175,0
1.0004761626532213,0.26685579069653953,0
-0.8662055210265742,0.5595027477517595,0
0.8553342356057867,0.5901170810395707,0
-0.747141292368062,0.6981943049318249,0
-0.009652112931583242,0.9735497824484064,0
-1.1426979164066562,0.5275818426652413,0
0.37483363437083667,-0.4741356908208565,1
2.002397078567235,0.32455496414256735,1
0.9913366961745436,0.10191274221156615,0
-0.4623672990122213,0.3993680078799401,0
-1.1285350083135477,0.1499335011107011,0
0.6068985240162157,0.5766542946769927,0
0.10818570947919531,0.664618602545615,0
0.6028871652428067,0.7225774065522992,0
0.38489143767580086,0.1276376007867407,1
0.9663400540770544,-0.24692940791424883,1
0.9035418055354365,-0.4420984602480358,1
0.9951488219352351,0.3958933490161358,0
0.7016929103182463,0.6367047703307401,0
1.166574176802809,0.6516757599012166,0
0.058660287627328445,1.1602408963796444,0
0.9968348560183368,0.22009129016249412,0
0.5167826174809146,0.31410223495300366,0
1.694158057628451,-0.0974248786152744,1
-0.8985136298727503,0.20090600773172776,0
0.7599537263203721,0.9397715075166138,0
0.45070992218727,1.1061849055313284,0
0.16807088518574154,1.0526838423374765,0
-0.7926161176640119,0.3070518750249697,0
1.0479625030303659,0.46643629388791596,0
-0.5004208948517791,0.6808197970768878,0
0.8454574094713776,0.7012248763163014,0
-0.5409558450579186,0.8405268087415592,0
0.8953535817567257,0.003093259918483429,0
1.089348523416026,0.8524442637098859,0
-1.2373615234496405,0.29731493604873827,0
1.7779404422256286,-0.1489473042513106,1
1.1604973667734566,0.347245843863378,0
-0.942216179583022,0.4924887650722769,0
0.7497107464153712,0.818910629062345,0
1.1638696947400773,0.09811826264824054,0
1.6783994769059776,0.3214211344910327,1
0.8053839000726902,0.5354305679361437,0
-0.0778386408045808,0.8911479898920924,0
0.0688669106111455,0.7622103016288164,0
0.48559093749789695,0.7728069948050874,0
1.7949786178712424,0.20764199461572122,1
-0.5418567122883104,0.5027546842234568,0
-0.7521958658106371,0.43838133157903747,0
-1.1736169666791296,0.4130918089201151,0
-0.8751821222432828,0.18018770904479017,0
-0.7602998603077016,0.9491973776580839,0
-0.6655658577464216,0.7715218567433866,0
-0.9731395699586545,0.6427407952047024,0
-1.0108789924482378,0.3882198268524268,0
0.6084365454289038,0.9211502486764833,0
0.9382874668252321,0.12155016517950551,0
0.48290348046751297,0.9242869029477685,0
-0.6181777953797066,0.34241775728186474,0
-0.04276360933920906,0.7253280701637337,0
-0.18653994935532175,0.8763959354372612,0
-0.037135156214997495,1.240226289806421,0
-0.6057251479596564,-0.13552773529063342,0
0.8824717781993712,0.4884216319960029,0
1.9822582571794032,0.3943667701000294,1
0.808364550495634,-0.6043209536595421,1
-1.3590714262253198,0.7983630044414627,0
-0.6035793861536397,0.9059760678788905,0
2.024382593088711,0.17542503533780313,1
-0.23458263924693232,1.0158900383019809,0
0.6284134575946401,0.4855074690687139,0
0.6080141931263663,-0.3526181041642699,1
1.5721336600290066,-0.4171738793246995,1
-0.7345828044967282,0.5277410828015626,0
-0.7349314672711789,1.0053198047399226,0
-0.16477634978809894,0.04142074674404772,1
1.4882839787178932,-0.1065562698941932,1
0.7272047474219814,0.31837668699791244,0
-0.11141403554382177,0.25575868489042874,1
-0.8145489975636593,-0.1469911588083176,0
0.7686406813884257,-0.16970989645704596,0
1.1805136697667726,0.198975549222634,0
0.6275538822248679,0.5191586134044317,0
-1.150512755393707,0.4776918498635138,0
-0.7710058044007012,0.8264367050673093,0
0.7336111912484813,0.22566325059853812,0
0.8830595188727715,0.4082851555573164,0
1.743989599271458,-0.17547616355044376,1
1.0100670443190567,0.7598268476688107,0
0.4536954538853962,0.7300274042872552,0
1.0809658656077628,-0.20643144485601378,0
-0.2428172878792707,1.0567573859593618,0
-0.11026794197110612,0.7286312202464926,0
0.5803246033060466,0.9905435652556339,0
0.2743152543150625,1.1360821240742496,0
0.7866941221322523,-0.0057941762682772735,0
2.024521603248687,0.44384851915401696,1
-1.4345159058572765,0.01851869448864868,0
-0.4888574486303973,0.921915377012186,0
-0.8287427720941338,0.3875522291119421,0
-1.089665741463182,0.1778213934826884,0
1.0511431873944985,0.1984776618125641,0
0.951380560716647,0.492576429287057,0
-1.0212422482601744,0.10723120013597856,0
-0.3507825323763425,0.8500631063676745,0
-0.4679382943338798,0.7838238850546608,0
-0.5719315604140682,0.5016294594992408,0
-0.11700165827291928,1.178648643843205,0
0.031140369660158405,0.42470191036798166,1
0.6413944931867581,0.5864312245638039,0
-0.6352145929695132,0.9406148085324646,0
0.1433505453572982,0.33843958884379083,1
0.4754563606869751,0.7653719622080466,0
0.6799425245810136,0.4653183776324263,0
0.4679917186317967,0.9458653036431219,0
-0.0006742719844290423,0.7857573574827289,0
0.3186439078024923,-0.21859155160927535,1
0.7031584907813206,0.6285651677305072,0
1.1250119429368588,0.17533399210508616,0
0.8511026641948687,-0.5341141091020893,1
-0.24263173921611506,1.1419672039878819,0
0.6400601146255145,0.6663520181551975,0
0.0475150464511567,1.0360399626903005,0
0.3682486484536982,0.8314784356897964,0
0.4427763896466326,0.7530289432499115,0
-0.7759972958430936,0.6264384289013532,0
1.0590105338514324,0.04552312877026801,0
0.20006551570087278,0.8411396866229318,0
-0.7087249296500613,0.45789959095039234,0
1.0497477344408792,0.20044835548239098,0
-0.5231657297569012,0.179624349736044,0
0.3322229210532407,-0.2120231308493345,1
1.0698749695046994,0.2048933833249959,0
-0.6245130756244841,0.8183018568012819,0
0.46264117219065276,0.0991285391368702,1
1.7342327703832572,0.020671139008736406,1
0.4615362991960632,-0.4994863944195692,1
0.5321078892267207,0.11476651638110613,1
-1.0444074177296416,0.9119133248187017,0
-0.2605621913670328,1.2523118234551234,0
1.1044489329293072,0.33497087460995006,0
-0.9078772464062158,0.21112395104129678,0
-0.6938176646437374,1.0297649672127591,0
0.8150583319355033,0.24781656042144554,0
-0.7739049104494244,0.4405590213243048,0
-1.3659023606809026,0.336561862409699,0
0.9335831928894396,0.5637094101669893,0
0.16736295288725103,0.6645628673365336,0
1.0945285773809328,0.3572521020526942,0
1.1018956913941538,0.1481124899849049,0
1.4743289927429646,-0.512561006162116,1
-0.3260467144298923,0.9777901656159097,0
0.42674962967292923,0.7477467836201299,0
0.22397975219113622,0.898828312682472,0
1.0870446743421922,0.5297929197831333,0
-0.8267801716560361,0.07553822711859093,0
0.03693288296655117,0.7587269677658999,0
-0.6302126567196185,-0.14009133389620823,0
0.4770817493125773,0.48096337040456183,0
-0.7950786998088877,0.4305548979870029,0
0.6466894533959933,0.6710737485970218,0
0.8428900353631474,0.6884869379255949,0
-0.290629164300304,0.6178416009849053,0
0.05842630235150842,1.0051494877763636,0
-0.9460264878412523,0.30704852904057867,0
-0.7090344437761155,0.9381032997766034,0
-0.7351243995602329,0.3564245984944692,0
-1.1318337713506805,0.1953181293280981,0
-0.975644009122995,0.28887705088615706,0
-0.9737530327394971,-0.38360840219231845,0
1.8421539023154327,-0.1154200017194642,1
0.559358500358303,-0.2820344651776603,1
-0.8306920367756154,-0.008209508932244633,0
-0.5046623345890704,0.3807365794499761,0
0.31689555024469357,0.7324872568706879,0
1.0271800571432288,0.6464258631621013,0
1.156090309037734,0.3663695903798802,0
-0.3952315440909016,0.6168715975878165,0
-0.878733105790245,0.6645050260474168,0
-0.4586912831916197,0.7839604365621006,0
0.31880889256756395,0.9276303982619037,0
1.1521353087791733,0.38653617471433166,0
1.3463816360089664,-0.4732039423179733,1
0.1380350340501929,1.2083582184830195,0
-0.7341570857051238,0.5820685155149143,0
1.4812624318685566,-0.22291352649764992,1
0.5630259015355658,0.801519116599179,0
1.217824190935634,0.24274490497046458,0
0.8274068923369988,1.0081264712666451,0
-0.8802149903840527,0.566401513300869,0
1.5674893790511049,0.010542578777464253,1
0.8542731248604596,-0.6987594259386918,1
0.6331512161090023,1.1215252164611267,0
0.6294641687247694,1.1462929251043235,0
0.6830476414797181,0.5169280518201911,0
-0.6907232312396675,0.5456856842651702,0
0.3530711757519696,-0.5798356022278456,1
1.6637525872111754,-0.11309610943677421,1
1.15799701459961,0.48107080636607225,0
-0.716012328054068,0.504353283008115,0
0.6637509510492712,0.5168279106878868,0
-0.6591122460195847,0.6097532859667121,0
0.2761341097607378,1.064685197296849,0
-0.3025348527904631,0.7475990497219696,0
0.6055226696844631,0.7059177023167847,0
0.7045777379247549,0.42856620837027753,0
-0.9876717644678167,0.6997788709274759,0
0.0940446883302504,0.722348921716804,0
-0.12668954142286462,0.9109896699400437,0
-0.1549965779042894,0.7760188509860323,0
-0.46739830706243096,0.7108294074538222,0
0.33204901818022065,0.7129355893138409,0
-0.9177549379712512,-0.001035051142299015,0
1.5981777106454542,0.043086912898235005,1
-0.7623484329508871,0.9611925021852843,0
-0.5728096886874811,0.5991273690844833,0
2.019321150690939,0.35682547210375115,1
1.3557426582917969,0.22365882031831696,0
-0.782385943086546,0.5685190179533041,0
-0.21153035378747573,1.0805990190315151,0
-0.7266160843126254,0.7130325217019605,0
-0.7387430632212564,-0.3728874983041102,0
0.7782689840955024,0.45480236541196356,0
-1.065353106672376,0.4376254604609977,0
0.960563326100372,0.09056552878168575,0
-0.6181898529925951,0.4904948896616469,0
0.01427393498671109,1.0219830117229365,0
-0.8499344904055258,0.3807532435788832,0
1.059410911946956,0.6474335879695334,0
0.6145142340750943,0.3980591742767736,0
-0.022075364570255607,0.9195724642171869,0
-0.3821153188045595,0.6964101697520166,0
0.5628549773864853,1.1520793635000157,0
-0.36256831039848725,1.0575177326215661,0
0.7733781764361397,-0.3744359346230849,1
-0.244151544308586,1.0074302406588063,0
0.696886473503175,1.1907278877542884,0
0.4213194660966195,0.2732845641973013,1
-0.8233965336056452,0.7872514694204045,0
-0.9289136617548999,0.4513428928849804,0
-0.3339942265837648,1.0489080197745002,0
-0.6826935354028341,0.7358590646176278,0
